city;region;snow_region;s0_kpa
Снеговые районы (принимаются по карте 1 приложения Е);I;II;III
Абаза;Республика Хакасия;VII;3.5
Абакан;Республика Хакасия;VII;3.5
Абдулино;Оренбургская область;V;2.5
Абинск;Краснодарский край;II;1.0
Агидель;Республика Башкортостан;V;2.5
Агрыз;Республика Татарстан;V;2.5
Адыгейск;Республика Адыгея;II;1.0
Азнакаево;Республика Татарстан;V;2.5
Азов;Ростовская область;I;0.5
Ак-Довурак;Республика Тыва;I;0.5
Аксай;Ростовская область;II;1.0
Алагир;Республика Северная Осетия - Алания;II;1.0
Алапаевск;Свердловская область;III;1.5
Алатырь;Чувашская Республика-Чувашия;IV;2.0
Алдан;Республика Саха (Якутия);II;1.0
Алейск;Алтайский край;II;1.0
Александров;Владимирская область;IV;2.0
Александровск;Пермский край;VI;3.0
Александровск-Сахалинский;Сахалинская область;VI;3.0
Алексеевка;Белгородская область;III;1.5
Алексин;Тульская область;III;1.5
Алзамай;Иркутская область;III;1.5
Альметьевск;Республика Татарстан;IV;2.0
Амурск;Хабаровский край;III;1.5
Анадырь;Чукотский АО;V;2.5
Анапа;Краснодарский край;I;0.5
Ангарск;Иркутская область;II;1.0
Ангарск;Иркутская область;II;1.05
Андреаполь;Тверская область;III;1.5
Анжеро-Судженск;Кемеровская область;IV;2.0
Анива;Сахалинская область;VI;3.0
Апатиты;Мурманская область;VI;3.0
Апрелевка;Московская область;III;1.5
Апшеронск;Краснодарский край;II;1.0
Арамиль;Свердловская область;III;1.5
Аргун;Чеченская Республика;I;0.5
Ардатов;Республика Мордовия;IV;2.0
Арзамас;Нижегородская область;III;1.5
Аркадак;Саратовская область;III;1.5
Армавир;Краснодарский край;II;1.0
Армавир;Краснодарский край;II;0.85
Армянск;Республика Крым;I;0.5
Арсеньев;Приморский край;II;1.0
Арск;Республика Татарстан;IV;2.0
Артем;Приморский край;II;1.0
Артёмовск;Красноярский край;III;1.5
Артёмовский;Свердловская область;III;1.5
Архангельск;Архангельская область;IV;2.0
Архангельск;Архангельская область;IV;1.8
Асбест;Свердловская область;III;1.5
Асино;Томская область;IV;2.0
Астрахань;Астраханская область;I;0.5
Астрахань;Астраханская область;I;0.4
Аткарск;Саратовская область;III;1.5
Ахтубинск;Астраханская область;II;1.0
Ачинск;Красноярский край;III;1.5
Ачинск;Красноярский край;III;1.25
Аша;Челябинская область;VI;3.0
Бабаево;Вологодская область;IV;2.0
Бабушкин;Республика Бурятия;II;1.0
Бавлы;Республика Татарстан;V;2.5
Багратионовск;Калининградская область;II;1.0
Байкальск;Иркутская область;IV;2.0
Баймак;Республика Башкортостан;V;2.5
Бакал;Челябинская область;IV;2.0
Баксан;Кабардино-Балкарская Республика;I;0.5
Балабаново;Калужская область;III;1.5
Балаклава;Республика Крым;I;0.5
Балаково;Саратовская область;III;1.5
Балахна;Нижегородская область;IV;2.0
Балашиха;Московская область;III;1.5
Балашов;Саратовская область;III;1.5
Балей;Забайкальский край;I;0.5
Балтийск;Калининградская область;II;1.0
Барабинск;Новосибирская область;II;1.0
Барнаул;Алтайский край;III;1.5
Барнаул;Алтайский край;III;1.55
Барыш;Ульяновская область;IV;2.0
Батайск;Ростовская область;II;1.0
Бахчисарай;Республика Крым;I;0.5
Бежецк;Тверская область;IV;2.0
Белая Калитва;Ростовская область;II;1.0
Белая Холуница;Кировская область;V;2.5
Белгород;Белгородская область;III;1.5
Белгород;Белгородская область;III;1.55
Белебей;Республика Башкортостан;V;2.5
Белинский;Пензенская область;III;1.5
Белово;Кемеровская область;IV;2.0
Белогорск;Амурская область;I;0.5
Белогорск;Республика Крым;I;0.5
Белозерск;Вологодская область;IV;2.0
Белокуриха;Алтайский край;IV;2.0
Беломорск;Республика Карелия;V;2.5
Белорецк;Республика Башкортостан;VI;3.0
Белореченск;Краснодарский край;II;1.0
Белоусово;Калужская область;III;1.5
Белоярский;Свердловская область;III;1.5
Белый;Тверская область;III;1.5
Белёв;Тульская область;III;1.5
Бердск;Новосибирская область;III;1.5
Березники;Пермский край;V;2.5
Берёзовский;Кемеровская область;IV;2.0
Берёзовский;Свердловская область;III;1.5
Беслан;Республика Северная Осетия - Алания;I;0.5
Бийск;Алтайский край;IV;2.0
Бийск;Алтайский край;IV;2.15
Бикин;Хабаровский край;II;1.0
Билибино;Чукотский АО;II;1.0
Биробиджан;Еврейская АО;II;1.0
Биробиджан;Еврейская АО;II;0.95
Бирск;Республика Башкортостан;V;2.5
Бирюсинск;Иркутская область;III;1.5
Бирюч;Белгородская область;III;1.5
Благовещенск;Амурская область;I;0.5
Благовещенск;Республика Башкортостан;V;2.5
Благодарный;Ставропольский край;II;1.0
Бобров;Воронежская область;III;1.5
Богданович;Свердловская область;III;1.5
Богородицк;Тульская область;III;1.5
Богородск;Нижегородская область;IV;2.0
Боготол;Красноярский край;IV;2.0
Богучар;Воронежская область;II;1.0
Бодайбо;Иркутская область;IV;2.0
Бокситогорск;Ленинградская область;IV;2.0
Болгар;Республика Татарстан;IV;2.0
Бологое;Тверская область;III;1.5
Болотное;Новосибирской области;IV;2.0
Болохово;Тульской области;III;1.5
Болхов;Орловская область;III;1.5
Большой Камень;Приморский край;II;1.0
Бор;Нижегородская область;IV;2.0
Борзя;Забайкальский край;I;0.5
Борисоглебск;Воронежская область;III;1.5
Боровичи;Новгородская область;IV;2.0
Боровск;Калужская область;III;1.5
Бородино;Красноярский край;III;1.5
Братск;Иркутская область;III;1.5
Братск;Иркутская область;III;1.25
Бронницы;Московская область;III;1.5
Брянск;Брянская область;III;1.5
Брянск;Брянская область;III;1.6
Бугульма;Республика Татарстан;IV;2.0
Бугуруслан;Оренбургская область;IV;2.0
Будённовск;Ставропольский край;II;1.0
Бузулук;Оренбургская область;IV;2.0
Буинск;Республика Татарстан;IV;2.0
Буй;Костромская область;IV;2.0
Буйнакск;Республика Дагестан;I;0.5
Бутурлиновка;Воронежская область;III;1.5
Валдай;Новгородская область;III;1.5
Валуйки;Белгородская область;III;1.5
Велиж;Смоленская облсть;III;1.5
Великие Луки;Псковская область;II;1.0
Великий Новгород;Новгородская область;III;1.5
Великий Устюг;Вологодская область;V;2.5
Вельск;Архангельская область;V;2.5
Венёв;Тульская область;III;1.5
Верещагино;Пермский край;V;2.5
Верея;Московская область;III;1.5
Верхнеуральск;Челябинская область;IV;2.0
Верхний Тагил;Свердловская область;III;1.5
Верхний Уфалей;Челябинская область;III;1.5
Верхняя Пышма;Свердловская область;III;1.5
Верхняя Салда;Свердловская область;III;1.5
Верхняя Тура;Свердловская область;III;1.5
Верхотурье;Свердловская область;IV;2.0
Верхоянск;Республика Саха (Якутия);II;1.0
Весьегонск;Тверская область;IV;2.0
Ветлуга;Нижегородская область;IV;2.0
Видное;Московская область;III;1.5
Вилюйск;Республика Саха (Якутия);II;1.0
Вилючинск;Камчатский край;VII;3.5
Вихоревка;Иркутская область;III;1.5
Вичуга;Ивановская область;IV;2.0
Владивосток;Приморский край;II;1.0
Владикавказ;Республика Северная Осетия - Алания;I;0.5
Владимир;Владимирская область;IV;2.0
Владимир;Владимирская область;IV;1.85
Волгоград;Волгоградская область;II;1.0
Волгодонск;Ростовская область;II;1.0
Волгореченск;Костромская область;IV;2.0
Волжск;Республика Марий Эл;IV;2.0
Волжский;Волгоградская область;II;1.0
Вологда;Вологодская область;IV;2.0
Вологда;Вологодская область;IV;1.65
Володарск;Нижегородская область;IV;2.0
Волоколамск;Московская область;III;1.5
Волосово;Ленинградская область;III;1.5
Волчанск;Свердловская область;IV;2.0
Вольск;Саратовская область;III;1.5
Воркута;Республика Коми;VI;3.0
Воронеж;Воронежская область;III;1.5
Воронеж;Воронежская область;III;1.55
Ворсма;Нижегородская область;IV;2.0
Воскресенск;Московская область;III;1.5
Воткинск;Удмуртская республика;V;2.5
Всеволожск;Ленинградская область;IV;2.0
Вуктыл;Республика Коми;V;2.5
Выборг;Ленинградская область;IV;2.0
Выборг;Ленинградская область;IV;1.8
Выкса;Нижегородская область;III;1.5
Высоковск;Московская область;III;1.5
Высоцк;Ленинградская область;IV;2.0
Вытегра;Вологодская область;IV;2.0
Вышний Волочёк;Тверская область;III;1.5
Вяземский;Хабаровский край;II;1.0
Вязники;Владимирская область;IV;2.0
Вязьма;Смоленская область;III;1.5
Вятские Поляны;Кировская область;IV;2.0
Гаврилов Посад;Ивановская область;IV;2.0
Гаврилов-Ям;Ярославская область;IV;2.0
Гагарин;Смоленская область;III;1.5
Гаджиево;Мурманская область;VI;3.0
Гай;Оренбургская область;III;1.5
Галич;Костромская область;IV;2.0
Гатчина;Ленинградская область;III;1.5
Гатчина;Ленинградская область;III;1.4
Гвардейск;Калининградская область;II;1.0
Гдов;Псковская область;III;1.5
Геленджик;Краснодарский край;I;0.5
Георгиевск;Ставропольский край;II;1.0
Глазов;Удмуртская республика;V;2.5
Голицыно;Московская область;III;1.5
Горбатов;Нижегородская область;IV;2.0
Горно-Алтайск;Алтайский край;IV;2.0
Горно-Алтайск;Алтайский край;IV;2.15
Горнозаводск;Пермский край;V;2.5
Горняк;Алтайский край;III;1.5
Городец;Нижегородская область;IV;2.0
Городище;Пензенская область;III;1.5
Городовиковск;Республика Калмыкия;II;1.0
Гороховец;Владимирская область;IV;2.0
Горячий Ключ;Краснодарский край;II;1.0
Грайворон;Белгородская область;III;1.5
Гремячинск;Пермский край;V;2.5
Грозный;Чеченская Республика;I;0.5
Грязи;Липецкая область;III;1.5
Грязовец;Вологодская область;IV;2.0
Губаха;Пермский край;VI;3.0
Губкин;Белгородская область;III;1.5
Губкинский;Ямало-Ненецкий АО;V;2.5
Гудермес;Чеченская Республика;I;0.5
Гуково;Ростовская область;II;1.0
Гулькевичи;Краснодарский край;II;1.0
Гурьевск;Калининградская область;II;1.0
Гурьевск;Кемеровская область;IV;2.0
Гусев;Калининградская область;II;1.0
Гусиноозёрск;Республика Бурятия;II;1.0
Гусь-Хрустальный;Владимирская область;III;1.5
Давлеканово;Республика Башкортостан;V;2.5
Далматово;Курганская область;III;1.5
Дальнегорск;Приморский край;III;1.5
Дальнереченск;Приморский край;II;1.0
Данилов;Яроcлавская область;IV;2.0
Данков;Липецкая область;III;1.5
Дегтярск;Свердловская область;III;1.5
Дедовск;Московская область;III;1.5
Демидов;Смоленская область;III;1.5
Дербент;Республика Дагестан;I;0.5
Десногорск;Смоленская область;III;1.5
Джанкой;Республика Крым;I;0.5
Дзержинск;Нижегородская область;IV;2.0
Дзержинский;Московская область;III;1.5
Дивногорск;Красноярский край;III;1.5
Дигора;Республика Северная Осетия - Алания;II;1.0
Димитровград;Ульяновская область;IV;2.0
Дмитриев-Льговский;Курская область;III;1.5
Дмитров;Московская область;III;1.5
Дмитровск;Орловская область;III;1.5
Дно;Псковская область;III;1.5
Добрянка;Пермский край;V;2.5
Долгопрудный;Московская область;III;1.5
Долинск;Сахалинская область;VIII;4.0
Домодедово;Московская область;III;1.5
Донецк;Ростовская область;II;1.0
Донской;Тульская область;III;1.5
Дорогобуж;Смоленская область;III;1.5
Дрезна;Московская область;III;1.5
Дубна;Московская область;IV;2.0
Дубовка;Волгоградская область;II;1.0
Дудинка;Красноярский край;VI;3.0
Духовщина;Смоленская область;III;1.5
Дюртюли;Республика Башкортостан;V;2.5
Дятьково;Брянская область;III;1.5
Евпатория;Республика Крым;I;0.5
Евпатория;Республика Крым;I;0.45
Егорьевск;Московская область;III;1.5
Ейск;Краснодарский край;I;0.5
Екатеринбург;Свердловская область;III;1.5
Елабуга;Республика Татарстан;V;2.5
Елец;Липецкая область;III;1.5
Елец;Липецкая область;III;1.35
Елизово;Камчатский край;VIII;4.0
Ельня;Смоленская область;III;1.5
Еманжелинск;Челябинская область;III;1.5
Емва;Республика Коми;V;2.5
Енисейск;Красноярский край;IV;2.0
Ермолино;Калужская область;III;1.5
Ершов;Саратовская область;II;1.0
Ессентуки;Ставропольский край;II;1.0
Ефремов;Тульская область;III;1.5
Железноводск;Ставропольский край;II;1.0
Железногорск;Красноярский край;III;1.5
Железногорск;Курская область;III;1.5
Железногорск;Курская область;III;1.3
Железногорск-Илимский;Иркутская область;II;1.0
Железнодорожный;Московская область;III;1.5
Жердевка;Тамбовская область;III;1.5
Жигулёвск;Самарская область;IV;2.0
Жиздра;Калужская область;III;1.5
Жирновск;Волгоградская область;III;1.5
Жуков;Калужская область;III;1.5
Жуковка;Брянская область;III;1.5
Жуковский;Московская область;III;1.5
Завитинск;Амурская область;II;1.0
Заводоуковск;Тюменская область;III;1.5
Заволжск;Нижегородская область;IV;2.0
Заволжье;Нижегородская область;IV;2.0
Задонск;Липецкая область;III;1.5
Заинск;Республика Татарстан;V;2.5
Закаменск;Республика Бурятия;IV;2.0
Заозёрный;Красноярский край;III;1.5
Заозёрск;Мурманская область;VI;3.0
Западная Двина;Тверская область;III;1.5
Заполярный;Мурманская область;VI;3.0
Зарайск;Московская область;III;1.5
Заречный;Пензенская область;III;1.5
Заречный;Свердловская область;III;1.5
Заринск;Алтайский край;IV;2.0
Звенигово;Республика Марий ЭЛ;IV;2.0
Звенигород;Московская область;III;1.5
Зверево;Ростовская область;II;1.0
Зеленогорск;Красноярский край;IV;2.0
Зеленогорск;Ленинградская область;IV;2.0
Зеленоград;Московская область;III;1.5
Зеленоградск;Калининградская область;II;1.0
Зеленодольск;Республика Татарстан;IV;2.0
Зеленокумск;Ставропольский край;II;1.0
Зерноград;Ростовская область;II;1.0
Зея;Амурская область;II;1.0
Зима;Иркутская область;II;1.0
Златоуст;Челябинская область;III;1.5
Злынка;Брянская область;III;1.5
Змеиногорск;Алтайский край;III;1.5
Знаменск;Астраханская область;II;1.0
Зубцов;Тверская область;III;1.5
Зуевка;Кировская область;V;2.5
Ивангород;Ленинградская область;III;1.5
Иваново;Ивановская область;IV;2.0
Иваново;Ивановская область;IV;1.7
Ивантеевка;Московская область;III;1.5
Ивдель;Свердловская область;IV;2.0
Игарка;Красноярский край;VI;3.0
Ижевск;Удмуртская Республика;V;2.5
Избербаш;Республика Дагестан;I;0.5
Изобильный;Ставропольский край;II;1.0
Иланский;Красноярский край;III;1.5
Инза;Ульяновская область;IV;2.0
Инкерман;Республика Крым;I;0.5
Иннополис;Республика Татарстан;IV;2.0
Инсар;Республика Мордовия;III;1.5
Инта;Республика Коми;VI;3.0
Ипатово;Ставропольский край;II;1.0
Ирбит;Свердловская область;III;1.5
Иркутск;Иркутская область;II;1.0
Иркутск;Иркутская область;II;1.05
Исилькуль;Омская область;III;1.5
Искитим;Новосибирская область;III;1.5
Истра;Московская область;III;1.5
Ишим;Тюменская область;III;1.5
Ишимбай;Республика Башкортостан;VI;3.0
Йошкар-Ола;Республика Марий Эл;IV;2.0
Йошкар-Ола;Республика Марий Эл;IV;1.8
Кадников;Вологодская область;IV;2.0
Казань;Республика Татарстан;IV;2.0
Калач;Воронежская область;III;1.5
Калач-на-Дону;Волгоградская область;II;1.0
Калачинск;Омская область;III;1.5
Калининград;Калининградская область;II;1.0
Калининград;Калининградская область;II;0.8
Калининск;Саратовская область;III;1.5
Калтан;Кемеровская область;VI;3.0
Калуга;Калужская область;III;1.5
Калуга;Калужская область;III;1.9
Калязин;Тверская область;IV;2.0
Камбарка;Удмуртская Республика;V;2.5
Каменка;Пензенская область;III;1.5
Каменногорск;Ленинградская область;IV;2.0
Каменск-Уральский;Свердловская область;III;1.5
Каменск-Шахтинский;Ростовская область;II;1.0
Камень-на-Оби;Алтайский край;II;1.0
Камешково;Владимирская область;IV;2.0
Камызяк;Астраханская область;I;0.5
Камышин;Волгоградская область;III;1.5
Камышин;Волгоградская область;III;1.15
Камышлов;Свердловская область;III;1.5
Канаш;Чувашская Республика - Чувашия;IV;2.0
Кандалакша;Мурманская область;V;2.5
Канск;Красноярский край;III;1.5
Канск;Красноярский край;III;1.1
Карабаново;Владимирская область;IV;2.0
Карабаш;Челябинская область;III;1.5
Карабулак;Республика Ингушетия;I;0.5
Карасук;Новосибирская область;II;1.0
Карачаевск;Карачаево-Черкесская Республика;II;1.0
Карачев;Брянская область;III;1.5
Каргат;Новосибирская область;II;1.0
Каргополь;Архангельская область;V;2.5
Карпинск;Свердловская область;IV;2.0
Карталы;Челябинская область;III;1.5
Касимов;Рязанская область;III;1.5
Касли;Челябинская область;III;1.5
Каспийск;Республика Дагестан;I;0.5
Каспийск;Республика Дагестан;I;0.6
Катав-Ивановск;Челябинская область;VI;3.0
Катайск;Курганская область;III;1.5
Качканар;Свердловская область;IV;2.0
Кашин;Тверская область;IV;2.0
Кашира;Московская область;III;1.5
Кедровый;Томская область;IV;2.0
Кемерово;Кемеровская область;IV;2.0
Кемерово;Кемеровская область;IV;1.8
Кемь;Республика Карелия;V;2.5
Керчь;Республика Крым;II;1.0
Кизел;Пермский край;VI;3.0
Кизилюрт;Республика Дагестан;I;0.5
Кизляр;Республика Дагестан;I;0.5
Кимовск;Тульская область;III;1.5
Кимры;Тверская область;IV;2.0
Кингисепп;Ленинградская область;III;1.5
Кинель;Самарская область;IV;2.0
Кинешма;Ивановская область;IV;2.0
Кинешма;Ивановская область;IV;1.9
Киреевск;Тульская область;III;1.5
Киренск;Иркутская область;IV;2.0
Киржач;Владимирская область;IV;2.0
Кириллов;Вологодская область;IV;2.0
Кириши;Ленинградская область;IV;2.0
Киров;Калужская область;III;1.5
Киров;Кировская область;V;2.5
Киров;Кировская область;V;2.1
Кировград;Свердловская область;III;1.5
Кирово-Чепецк;Кировская область;V;2.5
Кировск;Ленинградская область;III;1.5
Кировск;Мурманская область;VI;3.0
Кирс;Кировская область;V;2.5
Кирсанов;Тамбовская область;III;1.5
Киселевск;Кемеровская область;IV;2.0
Киселевск;Кемеровская область;IV;1.6
Кисловодск;Ставропольский край;II;1.0
Климовск;Московская область;III;1.5
Клин;Московская область;III;1.5
Клинцы;Брянская область;III;1.5
Княгинино;Нижегородская область;IV;2.0
Ковдор;Мурманская область;V;2.5
Ковров;Владимирская область;IV;2.0
Ковров;Владимирская область;IV;1.85
Ковылкино;Республика Мордовия;III;1.5
Когалым;Ханты-Мансийский АО;V;2.5
Кодинск;Красноярский край;III;1.5
Козельск;Калужская область;III;1.5
Козловка;Чувашская Республика - Чувашия;IV;2.0
Козьмодемьянск;Республика Марий Эл;IV;2.0
Кола;Мурманская область;V;2.5
Кологрив;Костромская область;IV;2.0
Коломна;Московская область;III;1.5
Колпашево;Томская область;IV;2.0
Колпино;Ленинградская область;III;1.5
Кольчугино;Владимирская область;IV;2.0
Коммунар;Ленинградская область;III;1.5
Комсомольск;Ивановская область;IV;2.0
Комсомольск-на-Амуре;Хабаровский край;III;1.5
Конаково;Тверская область;IV;2.0
Кондопога;Республика Карелия;IV;2.0
Кондрово;Калужская область;III;1.5
Константиновск;Ростовская область;II;1.0
Копейск;Челябинская область;III;1.5
Кораблино;Рязанская область;III;1.5
Кореновск;Краснодарский край;II;1.0
Коркино;Челябинская область;III;1.5
Королёв;Московская область;III;1.5
Короча;Белгородская область;III;1.5
Корсаков;Сахалинская область;VI;3.0
Коряжма;Архангельская область;IV;2.0
Костерёво;Владимирская область;III;1.5
Кострома;Костромская область;IV;2.0
Кострома;Костромская область;IV;1.8
Котельники;Московская область;III;1.5
Котельниково;Волгоградская область;II;1.0
Котельнич;Кировская область;IV;2.0
Котлас;Архангельская область;IV;2.0
Котово;Волгоградская область;III;1.5
Котовск;Тамбовская область;III;1.5
Кохма;Ивановская область;IV;2.0
Красавино;Вологодская область;IV;2.0
Красноармейск;Московская область;III;1.5
Красноармейск;Саратовская область;III;1.5
Красногорск;Московская область;III;1.5
Краснодар;Краснодарский край;II;1.0
Краснодар;Краснодарский край;II;1.1
Красное Село;Ленинградская область;III;1.5
Краснозаводск;Московская область;IV;2.0
Краснознаменск;Калининградская область;II;1.0
Краснознаменск;Московская область;III;1.5
Краснокаменск;Забайкальский край;I;0.5
Краснокамск;Пермский край;V;2.5
Красноперекопск;Республика Крым;I;0.5
Краснослободск;Волгоградская область;II;1.0
Краснослободск;Республика Мордовия;III;1.5
Краснотурьинск;Свердловская область;IV;2.0
Красноярск;Красноярский край;III;1.5
Красноярск;Красноярский край;III;1.35
Красный Кут;Саратовская область;III;1.5
Красный Сулин;Ростовская область;II;1.0
Красный Холм;Тверская область;IV;2.0
Кремёнки;Калужская область;III;1.5
Кропоткин;Краснодарский край;II;1.0
Кропоткин;Краснодарский край;II;0.7
Кстово;Нижегородская область;IV;2.0
Кубинка;Московская область;III;1.5
Кувандык;Оренбургская область;III;1.5
Кувшиново;Тверская область;III;1.5
Кудымкар;Пермский край;V;2.5
Кузнецк;Пензенская область;III;1.5
Куйбышев;Новосибирская область;II;1.0
Кулебаки;Нижегородская область;III;1.5
Кумертау;Республика Башкортостан;VI;3.0
Кунгур;Пермский край;V;2.5
Купино;Новосибирская область;II;1.0
Курган;Курганская область;III;1.5
Курган;Курганская область;III;1.3
Курганинск;Краснодарский край;II;1.0
Курильск;Сахалинская область;IV;2.0
Куровское;Московская область;III;1.5
Курск;Курская область;III;1.5
Курск;Курская область;III;1.25
Куртамыш;Курганская область;III;1.5
Курчатов;Курская область;III;1.5
Куса;Челябинская область;IV;2.0
Кызыл;Республика Тыва;I;0.5
Кыштым;Челябинская область;III;1.5
Кяхта;Республика Бурятия;I;0.5
Лабинск;Краснодарский край;II;1.0
Лагань;Республика Калмыкия;I;0.5
Ладушкин;Калининградская область;II;1.0
Лаишево;Республика Татарстан;IV;2.0
Лахденпохья;Республика Карелия;IV;2.0
Лебедянь;Липецкая область;III;1.5
Лениногорск;Республика Татарстан;IV;2.0
Ленинск;Волгоградская область;II;1.0
Ленинск-Кузнецкий;Кемеровская область;IV;2.0
Ленск;Республика Саха (Якутия);IV;2.0
Лермонтов;Ставропольский край;II;1.0
Лесной;Свердловская область;IV;2.0
Лесозаводск;Приморский край;II;1.0
Лесосибирск;Красноярский край;IV;2.0
Ливны;Орловская область;III;1.5
Ликино-Дулёво;Московская область;III;1.5
Липецк;Липецкая область;III;1.5
Липецк;Липецкая область;III;1.5
Липки;Тульская область;III;1.5
Лиски;Воронежская область;III;1.5
Лихославль;Тверская область;III;1.5
Лобня;Московская область;III;1.5
Лодейное Поле;Ленинградская область;IV;2.0
Ломоносов;Ленинградская область;III;1.5
Лосино-Петровский;Московская область;III;1.5
Луга;Ленинградская область;III;1.5
Луза;Кировская область;IV;2.0
Лукоянов;Нижегородская область;III;1.5
Луховицы;Московская область;III;1.5
Лысково;Нижегородская область;IV;2.0
Лысьва;Пермский край;V;2.5
Лыткарино;Московская область;III;1.5
Льгов;Курская область;III;1.5
Любань;Ленинградская область;III;1.5
Люберцы;Московская область;III;1.5
Любим;Ярославская область;IV;2.0
Людиново;Калужская область;III;1.5
Лянтор;Ханты-Мансийский АО;V;2.5
Магадан;Магаданская область;IV;2.0
Магадан;Магаданская область;IV;1.35
Магнитогорск;Челябинская область;III;1.5
Майкоп;Республика Адыгея;II;1.0
Майкоп;Республика Адыгея;II;0.9
Макаров;Сахалинская область;VI;3.0
Макарьев;Костромская область;IV;2.0
Малгобек;Республика Ингушетия;I;0.5
Малоархангельск;Орловская область;III;1.5
Малоярославец;Калужская область;III;1.5
Мамоново;Калининградская область;II;1.0
Мантурово;Костромская область;IV;2.0
Мариинск;Кемеровская область;IV;2.0
Мариинский Посад;Чувашская республика - Чувашия;IV;2.0
Маркс;Саратовская область;III;1.5
Махачкала;Республика Дагестан;I;0.5
Махачкала;Республика Дагестан;I;0.6
Мглин;Брянская область;III;1.5
Мегион;Ханты-Мансийский АО;V;2.5
Медвежьегорск;Карелия;IV;2.0
Медногорск;Оренбургская область;III;1.5
Медынь;Калужская область;III;1.5
Межгорье;Республика Башкортостан;VI;3.0
Мезень;Архангельская область;IV;2.0
Меленки;Владимирская область;III;1.5
Мелеуз;Республика Башкортостан;VI;3.0
Менделеевск;Республика Татарстан;V;2.5
Мензелинск;Республика Татарстан;V;2.5
Мещовск;Калужская область;III;1.5
Миасс;Челябинская область;III;1.5
Микунь;Республика Коми;V;2.5
Миллерово;Ростовская область;II;1.0
Минеральные Воды;Ставропольский край;II;1.0
Минусинск;Красноярский край;II;1.0
Миньяр;Челябинская область;VI;3.0
Мирный;Архангельская область;V;2.5
Мирный;Республика Саха (Якутия);IV;2.0
Мирный;Самарская область;IV;2.0
Михайлов;Рязанская область;III;1.5
Михайловск;Свердловская область;IV;2.0
Михайловск;Ставропольский край;II;1.0
Мичуринск;Тамбовская область;III;1.5
Могоча;Забайкальский край;I;0.5
Можайск;Московская область;III;1.5
Можга;Удмуртская Республика;V;2.5
Мончегорск;Мурманская область;V;2.5
Морозовск;Ростовская область;II;1.0
Моршанск;Тамбовская область;III;1.5
Мосальск;Калужская область;III;1.5
Москва;Московская область;III;1.5
Московский;Московская область;III;1.5
Муравленко;Ямало-Ненецкий АО;V;2.5
Мурманск;Мурманская область;V;2.5
Муром;Владимирская область;III;1.5
Муром;Владимирская область;III;1.55
Мценск;Орловская область;III;1.5
Мытищи;Московская область;III;1.5
Мышкин;Ярославская область;IV;2.0
Набережные Челны;Республика Татарстан;V;2.5
Навашино;Нижегородская область;III;1.5
Наволоки;Ивановская область;IV;2.0
Надым;Ямало-Ненецкий АО;V;2.5
Назарово;Красноярский край;III;1.5
Назрань;Республика Ингушетия;I;0.5
Назрань;Республика Ингушетия;I;0.65
Называевск;Омская область;III;1.5
Нальчик;Кабардино-Балкарская Республика;I;0.5
Нариманов;Астраханская область;I;0.5
Наро-Фоминск;Московская область;III;1.5
Нарьян-Мар;Ненецкий АО;V;2.5
Находка;Приморский край;II;1.0
Невель;Псковская область;II;1.0
Невельск;Сахалинская область;V;2.5
Невинномысск;Ставропольский край;II;1.0
Невьянск;Свердловская область;III;1.5
Нелидово;Тверская область;III;1.5
Неман;Калининградская область;II;1.0
Нерехта;Костромская область;IV;2.0
Нерчинск;Забайкальский край;I;0.5
Нерюнгри;Республика Саха (Якутия);III;1.5
Нестеров;Калининградская область;II;1.0
Нефтекамск;Республика Башкортостан;V;2.5
Нефтекамск;Республика Башкортостан;V;2.05
Нефтекумск;Ставропольский край;II;1.0
Нефтеюганск;Ханты-Мансийский АО;IV;2.0
Нея;Костромская область;IV;2.0
Нижневартовск;Ханты-Мансийский АО;V;2.5
Нижнекамск;Республика Башкортостан;IV;2.0
Нижние Серги;Свердловская область;IV;2.0
Нижний Ломов;Пензенская область;III;1.5
Нижний Новгород;Нижегородская область;IV;2.0
Нижний Тагил;Свердловская область;III;1.5
Нижняя Салда;Свердловская область;III;1.5
Нижняя Тура;Свердловская область;IV;2.0
Николаевск;Волгоградская область;III;1.5
Николаевск-на-Амуре;Хабаровский край;VI;3.0
Никольск;Вологодская область;V;2.5
Никольское;Ленинградская область;III;1.5
Новая Ладога;Ленинградская область;IV;2.0
Новая Ляля;Свердловская область;IV;2.0
Новоалександровск;Ставропольский край;II;1.0
Новоаннинский;Волгоградской области;III;1.5
Нововоронеж;Воронежская область;III;1.5
Новодвинск;Архангельская область;IV;2.0
Новозыбков;Брянская область;III;1.5
Новокубанск;Краснодарский край;II;1.0
Новокузнецк;Кемеровская область;IV;2.0
Новокузнецк;Кемеровская область;IV;1.8
Новокуйбышевск;Самарская область;IV;2.0
Новомичуринск;Рязанская область;III;1.5
Новомосковск;Тульская область;III;1.5
Новопавловск;Ставропольский край;II;1.0
Новороссийск;Краснодарский край;I;0.5
Новосибирск;Новосибирская область;III;1.5
Новосиль;Орловская область;III;1.5
Новосокольники;Псковская область;II;1.0
Новотроицк;Оренбургская область;III;1.5
Новоузенск;Саратовская область;II;1.0
Новоульяновск;Ульяновская область;IV;2.0
Новоуральск;Свердловская область;III;1.5
Новохопёрск;Воронежская область;III;1.5
Новочебоксарск;Чувашская Республика - Чувашия;IV;2.0
Новочеркасск;Ростовская область;II;1.0
Новошахтинск;Ростовская область;II;1.0
Новый Оскол;Белгородская область;III;1.5
Новый Уренгой;Ямало-Ненецкий АО;V;2.5
Ногинск;Московская область;III;1.5
Нолинск;Кировская область;V;2.5
Норильск;Красноярский край;V;2.5
Норильск;Красноярский край;V;2.4
Ноябрьск;Ямало-Ненецкий АО;V;2.5
Нурлат;Республика Татарстан;IV;2.0
Нытва;Пермский край;V;2.5
Нюрба;Республика Саха (Якутия);II;1.0
Няндома;Архангельская область;V;2.5
Облучье;Еврейская автономная область;II;1.0
Обнинск;Калужская область;III;1.5
Обоянь;Курская область;III;1.5
Обь;Новосибирская область;III;1.5
Одинцово;Московская область;III;1.5
Ожерелье;Московская область;III;1.5
Озёрск;Калининградская область;II;1.0
Озёрск;Челябинская область;III;1.5
Озёры;Московская область;III;1.5
Октябрьск;Самарская область;IV;2.0
Октябрьский;Республика Башкортостан;V;2.5
Октябрьский;Республика Башкортостан;V;1.85
Оленегорск;Мурманская область;V;2.5
Олонец;Республика Карелия;IV;2.0
Олёкминск;Республика Саха (Якутия);II;1.0
Омск;Омская область;III;1.5
Омутнинск;Кировская область;V;2.5
Онега;Архангельская область;V;2.5
Опочка;Псковская область;II;1.0
Оренбург;Оренбургская область;III;1.5
Орехово-Зуево;Московская область;III;1.5
Орлов;Кировская область;V;2.5
Орск;Оренбургская область;III;1.5
Орёл;Орловская область;III;1.5
Оса;Пермский край;V;2.5
Осташков;Тверская область;III;1.5
Остров;Псковская область;III;1.5
Островной;Мурманская область;V;2.5
Острогожск;Воронежская область;III;1.5
Отрадное;Ленинградская область;III;1.5
Отрадный;Самарская область;IV;2.0
Оха;Сахалинская область;V;2.5
Оханск;Пермский край;V;2.5
Очёр;Пермский край;V;2.5
Павлово;Нижегородская область;IV;2.0
Павловск;Воронежская область;III;1.5
Павловск;Ленинградская область;III;1.5
Павловский Посад;Московская область;III;1.5
Палласовка;Волгоградская область;III;1.5
Партизанск;Приморский край;II;1.0
Певек;Чукотский АО;IV;2.0
Пенза;Пензенская область;III;1.5
Первомайск;Нижегородская область;III;1.5
Первомайский;Кировская область;V;2.5
Первоуральск;Свердловская область;III;1.5
Перевоз;Нижегородская область;IV;2.0
Пересвет;Московская область;IV;2.0
Переславль-Залесский;Ярославская область;IV;2.0
Пермь;Пермский край;V;2.5
Пестово;Новгородская область;IV;2.0
Петергоф;Ленинградская область;III;1.5
Петров Вал;Волгоградская область;III;1.5
Петровск;Саратовская область;III;1.5
Петровск-Забайкальский;Забайкальский край;I;0.5
Петрозаводск;Республика Карелия;IV;2.0
Петрозаводск;Республика Карелия;IV;1.7
Петропавловск-Камчатский;Камчатский край;VIII;4.0
Петропавловск-Камчатский;Камчатский край;VIII;4.1
Петухово;Курганская область;II;1.0
Петушки;Владимирская область;III;1.5
Печора;Республика Коми;VI;3.0
Печоры;Псковская область;III;1.5
Пикалёво;Ленинградская область;IV;2.0
Пионерский;Калининградская область;II;1.0
Питкяранта;Республика Карелия;V;2.5
Плавск;Тульская область;III;1.5
Пласт;Челябинская область;III;1.5
Плёс;Ивановская область;IV;2.0
Поворино;Воронежская область;III;1.5
Подольск;Московская область;III;1.5
Подпорожье;Ленинградская область;IV;2.0
Покачи;Ханты-Мансийский АО;V;2.5
Покров;Владимирская область;III;1.5
Покровск;Республика Саха (Якутия);II;1.0
Полесск;Калининградская область;II;1.0
Полысаево;Кемеровская область;IV;2.0
Полярный;Мурманская область;VI;3.0
Поронайск;Сахалинская область;VI;3.0
Порхов;Псковская область;III;1.5
Похвистнево;Самарская область;IV;2.0
Почеп;Брянская область;III;1.5
Починок;Смоленская область;III;1.5
Пошехонье;Ярославская область;IV;2.0
Правдинск;Калининградская область;II;1.0
Приволжск;Ивановская область;IV;2.0
Приморск;Калининградская область;II;1.0
Приморск;Ленинградская область;IV;2.0
Приморско-Ахтарск;Краснодарский край;I;0.5
Приозерск;Ленинградская область;IV;2.0
Прокопьевск;Кемеровская область;IV;2.0
Прокопьевск;Кемеровская область;IV;1.6
Пролетарск;Ростовская область;II;1.0
Протвино;Московская область;III;1.5
Псков;Псковская область;III;1.5
Пугачев;Саратовская область;III;1.5
Пустошка;Псковская область;II;1.0
Пучеж;Ивановская область;IV;2.0
Пушкин;Ленинградская область;III;1.5
Пушкин;Ленинградская область;III;1.3
Пушкино;Московская область;III;1.5
Пущино;Московская область;III;1.5
Пыть-Ях;Ханты-Мансийский АО;IV;2.0
Пятигорск;Ставропольский край;II;1.0
Радужный;Ханты-Мансийский АО;V;2.5
Раменское;Московская область;III;1.5
Рассказово;Тамбовская область;III;1.5
Ревда;Свердловская область;III;1.5
Реж;Свердловская область;III;1.5
Республика Дагестанские Огни;Республика Дагестан;I;0.5
Реутов;Московская область;III;1.5
Ржев;Тверская область;III;1.5
Родники;Ивановская область;IV;2.0
Рославль;Смоленская область;III;1.5
Ростов;Ярославская область;IV;2.0
Ростов-на-Дону;Ростовская область;II;1.0
Рошаль;Московская область;III;1.5
Ртищево;Саратовская область;III;1.5
Рубцовск;Алтайский край;II;1.0
Рудня;Смоленская область;III;1.5
Руза;Московская область;III;1.5
Рузаевка;Республика Мордовия;III;1.5
Рыбинск;Ярославская область;IV;2.0
Рыбное;Рязанская область;III;1.5
Рыльск;Курская область;III;1.5
Ряжск;Рязанская область;III;1.5
Рязань;Рязанская область;III;1.5
Саки;Республика Крым;I;0.5
Салават;Республика Башкортостан;V;2.5
Салават;Республика Башкортостан;V;2.45
Салаир;Кемеровская область;IV;2.0
Салехард;Ямало-Ненецкий АО;V;2.5
Сальск;Ростовская область;II;1.0
Самара;Самарская область;IV;2.0
Санкт-Петербург;Ленинградская область;III;1.5
Санкт-Петербург;Ленинградская область;III;1.3
Саранск;Республика Мордовия;III;1.5
Саранск;Республика Мордовия;III;1.6
Сарапул;Удмуртская Республика - Удмуртия;V;2.5
Саратов;Саратовская область;III;1.5
Саров;Нижегородская область;III;1.5
Сасово;Рязанская область;III;1.5
Сафоново;Смоленская область;III;1.5
Саянск;Иркутская область;II;1.0
Светлогорск;Калининградская область;II;1.0
Светлоград;Ставропольский край;II;1.0
Светлый;Калининградская область;II;1.0
Свирск;Иркутская область;II;1.0
Свободный;Амурская область;I;0.5
Святогорск;Ленинградская область;IV;2.0
Себеж;Псковская область;II;1.0
Севастополь;Республика Крым;I;0.5
Северо-Курильск;Сахалинская область;VIII;4.0
Северобайкальск;Республика Бурятия;II;1.0
Северодвинск;Архангельская область;IV;2.0
Северодвинск;Архангельская область;IV;2.25
Североморск;Мурманская область;V;2.5
Североуральск;Свердловская область;IV;2.0
Северск;Томская область;IV;2.0
Севск;Брянская область;III;1.5
Сегежа;Республика Карелия;V;2.5
Сельцо;Брянская область;III;1.5
Семикаракорск;Ростовская область;II;1.0
Семилуки;Воронежская область;III;1.5
Семёнов;Нижегородская область;IV;2.0
Сенгилей;Ульяновская область;IV;2.0
Серафимович;Волгоградская область;II;1.0
Сергач;Нижегородская область;IV;2.0
Сердобск;Пензенская область;III;1.5
Серов;Свердловская область;IV;2.0
Серпухов;Московская область;III;1.5
Сертолово;Ленинградская область;IV;2.0
Сестрорецк;Ленинградская область;IV;2.0
Сибай;Республика Башкортостан;III;1.5
Сим;Челябинская область;VI;3.0
Симферополь;Республика Крым;I;0.5
Сковородино;Амурская область;I;0.5
Скопин;Рязанская область;III;1.5
Славгород;Алтайский край;II;1.0
Славск;Калининградская область;II;1.0
Сланцы;Ленинградская область;III;1.5
Слободской;Кировская область;V;2.5
Слюдянка;Иркутская область;IV;2.0
Смоленск;Смоленская область;III;1.5
Снежинск;Челябинская область;III;1.5
Снежногорск;Мурманская область;VI;3.0
Советск;Калининградская область;II;1.0
Советск;Тульская область;III;1.5
Советская Гавань;Хабаровский край;IV;2.0
Советский;Ханты-Мансийский АО;IV;2.0
Сокол;Вологодская область;IV;2.0
Солигалич;Костромская область;V;2.5
Солнечногорск;Московская область;III;1.5
Соль-Илецк;Оренбургская область;III;1.5
Сольвычегодск;Архангельская область;V;2.5
Сольцы;Новгородская область;III;1.5
Сорочинск;Оренбургская область;III;1.5
Сосенский;Калужская область;III;1.5
Сосновка;Кировская область;IV;2.0
Сосновоборск;Красноярский край;III;1.5
Сосновый Бор;Ленинградская область;III;1.5
Сосногорск;Республика Коми;V;2.5
Сочи;Краснодарский край;II;1.0
Спас-Деменск;Калужская область;III;1.5
Спас-Клепики;Рязанская область;III;1.5
Спасск;Пензенская область;III;1.5
Спасск-Дальний;Приморский край;II;1.0
Спасск-Рязанский;Рязанская область;III;1.5
Среднеколымск;Республика Саха (Якутия);III;1.5
Среднеуральск;Свердловская область;III;1.5
Сретенск;Забайкальский край;I;0.5
Ставрополь;Ставропольский край;II;1.0
Старая Купавна;Московская область;III;1.5
Старая Русса;Новгородская область;III;1.5
Старица;Тверская область;III;1.5
Стародуб;Брянская область;III;1.5
Старый Крым;Республика Крым;II;1.0
Старый Оскол;Белгородская область;III;1.5
Старый Оскол;Белгородская область;III;1.55
Стерлитамак;Республика Башкортостан;V;2.5
Стерлитамак;Республика Башкортостан;V;2.2
Стрежевой;Томская область;V;2.5
Строитель;Белгородская область;III;1.5
Струнино;Владимирская область;IV;2.0
Ступино;Московская область;III;1.5
Суворов;Тульская область;III;1.5
Судак;Республика Крым;I;0.5
Суджа;Курская область;III;1.5
Суздаль;Владимирская область;IV;2.0
Суоярви;Республика Карелия;V;2.5
Сураж;Брянская область;III;1.5
Суровикино;Волгоградская область;II;1.0
Сурск;Пензенская область;III;1.5
Сусуман;Магаданская область;IV;2.0
Сухиничи;Калужская область;III;1.5
Сухой Лог;Свердловская область;III;1.5
Сыктывкар;Республика Коми;V;2.5
Сыктывкар;Республика Коми;V;2.45
Сысерть;Свердловская область;III;1.5
Сычёвка;Смоленская область;III;1.5
Тавда;Свердловская область;IV;2.0
Таганрог;Ростовская область;I;0.5
Тайга;Кемеровская область;IV;2.0
Тайшет;Иркутская область;III;1.5
Талица;Свердловская область;III;1.5
Тамбов;Тамбовская область;III;1.5
Тара;Омская область;III;1.5
Тарко-Сале;Ямало-Ненецкий автономный округ;V;2.5
Таруса;Калужская область;III;1.5
Таштагол;Кемеровская область;VII;3.5
Тверь;Тверская область;III;1.5
Теберда;Карачаево-Черкесская Республика;VII;3.5
Тейково;Ивановская область;IV;2.0
Темников;Республика Мордовия;III;1.5
Темрюк;Краснодарский край;I;0.5
Терек;Кабардино-Балкарская республика;I;0.5
Тетюши;Республика Республика Татарстан;IV;2.0
Тимашёвск;Краснодарский край;II;1.0
Тихвин;Ленинградская область;IV;2.0
Тихорецк;Краснодарский край;II;1.0
Тобольск;Тюменская область;IV;2.0
Тогучин;Новосибирская область;IV;2.0
Тольятти;Самарская область;IV;2.0
Томари;Сахалинская область;VII;3.5
Томмот;Республика Саха (Якутия);III;1.5
Томск;Томская область;IV;2.0
Топки;Кемеровская область;IV;2.0
Торжок;Тверская область;III;1.5
Торопец;Тверская область;III;1.5
Тосно;Ленинградская область;III;1.5
Тотьма;Вологодская область;V;2.5
Троицк;Московская область;III;1.5
Троицк;Челябинская область;III;1.5
Трубчевск;Брянская область;III;1.5
Трёхгорный;Челябинская область;VI;3.0
Туапсе;Краснодарский край;I;0.5
Туймазы;Республика Башкортостан;V;2.5
Тула;Тульская область;III;1.5
Тулун;Иркутская область;II;1.0
Туринск;Свердловская область;IV;2.0
Тутаев;Ярославская область;IV;2.0
Тында;Амурская область;II;1.0
Тырныауз;Кабардино-Балкарская республика;II;1.0
Тюкалинск;Омская область;III;1.5
Тюмень;Тюменская область;III;1.5
Уварово;Тамбовская область;III;1.5
Углегорск;Сахалинская область;VI;3.0
Углич;Ярославская область;IV;2.0
Удачный;Республика Саха (Якутия);III;1.5
Ужур;Красноярский край;III;1.5
Узловая;Тульская область;III;1.5
Улан-Удэ;Республика Бурятия;II;1.0
Улан-Удэ;Республика Бурятия;II;0.45
Ульяновск;Ульяновская область;IV;2.0
Унеча;Брянской области;III;1.5
Урай;Ханты-Мансийский АО;IV;2.0
Урень;Нижегородской области;IV;2.0
Уржум;Кировская область;IV;2.0
Урус-Мартан;Чеченская Республика;I;0.5
Урюпинск;Волгоградская область;III;1.5
Усмань;Липецкая область;III;1.5
Усолье-Сибирское;Иркутская область;II;1.0
Уссурийск;Приморский край;II;1.0
Усть-Джегута;Карачаево-Черкесская Республика;II;1.0
Усть-Илимск;Иркутская область;III;1.5
Усть-Илимск;Иркутская область;III;1.25
Усть-Катав;Челябинская область;VI;3.0
Усть-Лабинск;Краснодарский край;II;1.0
Устюжна;Вологодская область;IV;2.0
Уфа;Республика Башкортостан;V;2.5
Уфа;Республика Башкортостан;V;2.45
Ухта;Республика Коми;V;2.5
Ухта;Республика Коми;V;2.15
Учалы;Республика Башкортостан;III;1.5
Уяр;Красноярский край;III;1.5
Фатеж;Курская область;III;1.5
Феодосия;Республика Крым;II;1.0
Фокино;Брянская область;III;1.5
Фокино;Приморский край;II;1.0
Фрязино;Московская область;III;1.5
Фурманов;Ивановская область;IV;2.0
Хабаровск;Хабаровский край;II;1.0
Ханты-Мансийск;Ханты-Мансийский АО;IV;2.0
Харабали;Астраханская область;I;0.5
Хасавюрт;Республика Республика Дагестан;I;0.5
Хасавюрт;Республика Республика Дагестан;I;0.65
Хвалынск;Саратовская область;III;1.5
Хилок;Читинская область;I;0.5
Химки;Московская область;III;1.5
Холм;Новгородская область;III;1.5
Холмск;Сахалинская область;V;2.5
Хотьково;Московская область;III;1.5
Цивильск;Чувашская Республика - Чувашия;IV;2.0
Цимлянск;Ростовская область;III;1.5
Чадан;Республика Тыва;I;0.5
Чайковский;Пермский край;V;2.5
Чапаевск;Самарская область;IV;2.0
Чаплыгин;Липецкая область;III;1.5
Чебаркуль;Челябинская область;III;1.5
Чебоксары;Чувашская Республика - Чувашия;IV;2.0
Чегем;Кабардино-Балкарская Республика;I;0.5
Чекалин;Тульская область;III;1.5
Челябинск;Челябинская область;III;1.5
Чердынь;Пермский край;V;2.5
Черемхово;Иркутская область;II;1.0
Черепаново;Новосибирская область;III;1.5
Череповец;Вологодская область;IV;2.0
Череповец;Вологодская область;IV;1.85
Черкесск;Карачаево-Черкессская Республика;II;1.0
Черкесск;Карачаево-Черкессская Республика;II;0.6
Черноголовка;Московская область;III;1.5
Черногорск;Республика Хакасия;II;1.0
Чернушка;Пермский край;V;2.5
Черняховск;Калининградская область;II;1.0
Чехов;Московская область;III;1.5
Чистополь;Республика Республика Татарстан;IV;2.0
Чита;Забайкальский край;I;0.5
Чита;Забайкальский край;I;0.4
Чкаловск;Нижегородская область;IV;2.0
Чудово;Новгородская область;III;1.5
Чулым;Новосибирская область;II;1.0
Чусовой;Пермский край;V;2.5
Чухлома;Костромская область;IV;2.0
Чёрмоз;Пермский край;V;2.5
Шадринск;Курганская область;III;1.5
Шали;Чеченская Республика;I;0.5
Шарыпово;Красноярский край;III;1.5
Шарья;Костромская область;IV;2.0
Шатура;Московская область;III;1.5
Шахты;Ростовская область;II;1.0
Шахунья;Нижегородская область;IV;2.0
Шацк;Рязанская область;III;1.5
Шебекино;Белгородская область;III;1.5
Шелехов;Иркутская область;II;1.0
Шенкурск;Архангельская область;IV;2.0
Шилка;Забайкальский край;I;0.5
Шимановск;Амурская область;I;0.5
Шиханы;Саратовская область;III;1.5
Шлиссельбург;Ленинградская область;III;1.5
Шумерля;Чувашская Республика - Чувашия;IV;2.0
Шумиха;Курганская область;III;1.5
Шуя;Ивановская область;IV;2.0
Щербинка;Московская область;III;1.5
Щигры;Курская область;III;1.5
Щучье;Курганская область;III;1.5
Щёкино;Тульская область;III;1.5
Щёлкино;Республика Крым;II;1.0
Щёлково;Московская область;III;1.5
Электрогорск;Московская область;III;1.5
Электросталь;Московская область;III;1.5
Электроугли;Московская область;III;1.5
Элиста;Республика Калмыкия;II;1.0
Энгельс;Саратовская область;III;1.5
Эртиль;Воронежская область;III;1.5
Юбилейный;Московская область;III;1.5
Югорск;Ханты-Мансийский АО;IV;2.0
Южа;Ивановская область;IV;2.0
Южно-Сахалинск;Сахалинская область;VIII;4.0
Южно-Сухокумск;Республика Дагестан;I;0.5
Южноуральск;Челябинская область;III;1.5
Юрга;Кемеровская область;IV;2.0
Юрьев-Польский;Владимирская область;IV;2.0
Юрьевец;Ивановская область;IV;2.0
Юрюзань;Челябинская область;VI;3.0
Юхнов;Калужская область;III;1.5
Ядрин;Чувашская Республика - Чувашия;IV;2.0
Якутск;Республика Саха (Якутия);II;1.0
Ялта;Республика Крым;II;1.0
Ялта;Республика Крым;II;0.5
Ялуторовск;Тюменская область;III;1.5
Янаул;Республика Башкортостан;V;2.5
Яранск;Кировская область;IV;2.0
Яровое;Алтайский край;II;1.0
Ярославль;Ярославская область;IV;2.0
Ярцево;Смоленская область;III;1.5
Ясногорск;Тульская область;III;1.5
Ясный;Оренбургская область;III;1.5
Яхрома;Московская область;III;1.5
